library.name,read_1_path,read_2_path
F145700,/projects/analysis/analysis41/F145700/150bp/merge_fastq/F145700_1_150bp_4_lanes.merge_chastity_passed.fastq.gz,/projects/analysis/analysis41/F145700/150bp/merge_fastq/F145700_2_150bp_4_lanes.merge_chastity_passed.fastq.gz
F145701,/projects/analysis/analysis41/IX12858/22CGH5LT4_2/F145701/150bp/22CGH5LT4_2_1_CTAGGTGA-CTATCCAC_150bp_370014.concat_chastity_passed.fastq.gz,/projects/analysis/analysis41/IX12858/22CGH5LT4_2/F145701/150bp/22CGH5LT4_2_2_CTAGGTGA-CTATCCAC_150bp_370014.concat_chastity_passed.fastq.gz
F145702,/projects/analysis/analysis41/IX12858/22CGH5LT4_2/F145702/150bp/22CGH5LT4_2_1_TCCGTATG-TGGATGGT_150bp_370014.concat_chastity_passed.fastq.gz,/projects/analysis/analysis41/IX12858/22CGH5LT4_2/F145702/150bp/22CGH5LT4_2_2_TCCGTATG-TGGATGGT_150bp_370014.concat_chastity_passed.fastq.gz
F145703,/projects/analysis/analysis41/F145703/150bp/merge_fastq/F145703_1_150bp_4_lanes.merge_chastity_passed.fastq.gz,/projects/analysis/analysis41/F145703/150bp/merge_fastq/F145703_2_150bp_4_lanes.merge_chastity_passed.fastq.gz
F145704,/projects/analysis/analysis41/F145704/150bp/merge_fastq/F145704_1_150bp_4_lanes.merge_chastity_passed.fastq.gz,/projects/analysis/analysis41/F145704/150bp/merge_fastq/F145704_2_150bp_4_lanes.merge_chastity_passed.fastq.gz
F145705,/projects/analysis/analysis41/IX12858/22CGH5LT4_2/F145705/150bp/22CGH5LT4_2_1_TCGAAGGT-GCCTTAAC_150bp_370014.concat_chastity_passed.fastq.gz,/projects/analysis/analysis41/IX12858/22CGH5LT4_2/F145705/150bp/22CGH5LT4_2_2_TCGAAGGT-GCCTTAAC_150bp_370014.concat_chastity_passed.fastq.gz
F145706,/projects/analysis/analysis41/F145706/150bp/merge_fastq/F145706_1_150bp_4_lanes.merge_chastity_passed.fastq.gz,/projects/analysis/analysis41/F145706/150bp/merge_fastq/F145706_2_150bp_4_lanes.merge_chastity_passed.fastq.gz
F145707,/projects/analysis/analysis41/F145707/150bp/merge_fastq/F145707_1_150bp_4_lanes.merge_chastity_passed.fastq.gz,/projects/analysis/analysis41/F145707/150bp/merge_fastq/F145707_2_150bp_4_lanes.merge_chastity_passed.fastq.gz
F145708,/projects/analysis/analysis41/IX12858/22CGH5LT4_2/F145708/150bp/22CGH5LT4_2_1_CTAGGCAT-ACAGAGGT_150bp_370014.concat_chastity_passed.fastq.gz,/projects/analysis/analysis41/IX12858/22CGH5LT4_2/F145708/150bp/22CGH5LT4_2_2_CTAGGCAT-ACAGAGGT_150bp_370014.concat_chastity_passed.fastq.gz
F145709,/projects/analysis/analysis41/F145709/150bp/merge_fastq/F145709_1_150bp_4_lanes.merge_chastity_passed.fastq.gz,/projects/analysis/analysis41/F145709/150bp/merge_fastq/F145709_2_150bp_4_lanes.merge_chastity_passed.fastq.gz
F145710,/projects/analysis/analysis41/F145710/150bp/merge_fastq/F145710_1_150bp_4_lanes.merge_chastity_passed.fastq.gz,/projects/analysis/analysis41/F145710/150bp/merge_fastq/F145710_2_150bp_4_lanes.merge_chastity_passed.fastq.gz
F145711,/projects/analysis/analysis41/F145711/150bp/merge_fastq/F145711_1_150bp_4_lanes.merge_chastity_passed.fastq.gz,/projects/analysis/analysis41/F145711/150bp/merge_fastq/F145711_2_150bp_4_lanes.merge_chastity_passed.fastq.gz
F145712,/projects/analysis/analysis41/F145712/150bp/merge_fastq/F145712_1_150bp_4_lanes.merge_chastity_passed.fastq.gz,/projects/analysis/analysis41/F145712/150bp/merge_fastq/F145712_2_150bp_4_lanes.merge_chastity_passed.fastq.gz
F145713,/projects/analysis/analysis41/F145713/150bp/merge_fastq/F145713_1_150bp_5_lanes.merge_chastity_passed.fastq.gz,/projects/analysis/analysis41/F145713/150bp/merge_fastq/F145713_2_150bp_5_lanes.merge_chastity_passed.fastq.gz
F145714,/projects/analysis/analysis41/F145714/150bp/merge_fastq/F145714_1_150bp_4_lanes.merge_chastity_passed.fastq.gz,/projects/analysis/analysis41/F145714/150bp/merge_fastq/F145714_2_150bp_4_lanes.merge_chastity_passed.fastq.gz
F145715,/projects/analysis/analysis41/IX12858/22CGH5LT4_2/F145715/150bp/22CGH5LT4_2_1_GAGATACG-CTCGAACA_150bp_370014.concat_chastity_passed.fastq.gz,/projects/analysis/analysis41/IX12858/22CGH5LT4_2/F145715/150bp/22CGH5LT4_2_2_GAGATACG-CTCGAACA_150bp_370014.concat_chastity_passed.fastq.gz
F145716,/projects/analysis/analysis41/IX12858/22CGH5LT4_2/F145716/150bp/22CGH5LT4_2_1_GTCTCCTT-TGCTTGCT_150bp_370014.concat_chastity_passed.fastq.gz,/projects/analysis/analysis41/IX12858/22CGH5LT4_2/F145716/150bp/22CGH5LT4_2_2_GTCTCCTT-TGCTTGCT_150bp_370014.concat_chastity_passed.fastq.gz
F145717,/projects/analysis/analysis41/IX12858/22CGH5LT4_2/F145717/150bp/22CGH5LT4_2_1_AGTCGACA-CGAATACG_150bp_370014.concat_chastity_passed.fastq.gz,/projects/analysis/analysis41/IX12858/22CGH5LT4_2/F145717/150bp/22CGH5LT4_2_2_AGTCGACA-CGAATACG_150bp_370014.concat_chastity_passed.fastq.gz
F145718,/projects/analysis/analysis41/IX12858/22CGH5LT4_2/F145718/150bp/22CGH5LT4_2_1_CGGATTGA-ACGTCGTT_150bp_370014.concat_chastity_passed.fastq.gz,/projects/analysis/analysis41/IX12858/22CGH5LT4_2/F145718/150bp/22CGH5LT4_2_2_CGGATTGA-ACGTCGTT_150bp_370014.concat_chastity_passed.fastq.gz
F145719,/projects/analysis/analysis41/IX12858/22CGH5LT4_2/F145719/150bp/22CGH5LT4_2_1_CACAAGTC-ATCGCAAC_150bp_370014.concat_chastity_passed.fastq.gz,/projects/analysis/analysis41/IX12858/22CGH5LT4_2/F145719/150bp/22CGH5LT4_2_2_CACAAGTC-ATCGCAAC_150bp_370014.concat_chastity_passed.fastq.gz
F145720,/projects/analysis/analysis41/F145720/150bp/merge_fastq/F145720_1_150bp_4_lanes.merge_chastity_passed.fastq.gz,/projects/analysis/analysis41/F145720/150bp/merge_fastq/F145720_2_150bp_4_lanes.merge_chastity_passed.fastq.gz
F145721,/projects/analysis/analysis41/F145721/150bp/merge_fastq/F145721_1_150bp_4_lanes.merge_chastity_passed.fastq.gz,/projects/analysis/analysis41/F145721/150bp/merge_fastq/F145721_2_150bp_4_lanes.merge_chastity_passed.fastq.gz
F145722,/projects/analysis/analysis41/IX12858/22CGH5LT4_2/F145722/150bp/22CGH5LT4_2_1_ACTCGTTG-GCGTATCA_150bp_370014.concat_chastity_passed.fastq.gz,/projects/analysis/analysis41/IX12858/22CGH5LT4_2/F145722/150bp/22CGH5LT4_2_2_ACTCGTTG-GCGTATCA_150bp_370014.concat_chastity_passed.fastq.gz
F145723,/projects/analysis/analysis41/IX12858/22CGH5LT4_2/F145723/150bp/22CGH5LT4_2_1_CTGACACA-AGAAGGAC_150bp_370014.concat_chastity_passed.fastq.gz,/projects/analysis/analysis41/IX12858/22CGH5LT4_2/F145723/150bp/22CGH5LT4_2_2_CTGACACA-AGAAGGAC_150bp_370014.concat_chastity_passed.fastq.gz
F145724,/projects/analysis/analysis41/IX12858/22CGH5LT4_2/F145724/150bp/22CGH5LT4_2_1_CAACCTAG-AGGTCTGT_150bp_370014.concat_chastity_passed.fastq.gz,/projects/analysis/analysis41/IX12858/22CGH5LT4_2/F145724/150bp/22CGH5LT4_2_2_CAACCTAG-AGGTCTGT_150bp_370014.concat_chastity_passed.fastq.gz
F145725,/projects/analysis/analysis41/F145725/150bp/merge_fastq/F145725_1_150bp_4_lanes.merge_chastity_passed.fastq.gz,/projects/analysis/analysis41/F145725/150bp/merge_fastq/F145725_2_150bp_4_lanes.merge_chastity_passed.fastq.gz
F145726,/projects/analysis/analysis41/IX12858/22CGH5LT4_2/F145726/150bp/22CGH5LT4_2_1_TGCAGGTA-TCACGATG_150bp_370014.concat_chastity_passed.fastq.gz,/projects/analysis/analysis41/IX12858/22CGH5LT4_2/F145726/150bp/22CGH5LT4_2_2_TGCAGGTA-TCACGATG_150bp_370014.concat_chastity_passed.fastq.gz
F145727,/projects/analysis/analysis41/IX12858/22CGH5LT4_2/F145727/150bp/22CGH5LT4_2_1_ACCTAAGG-ATCTCCTG_150bp_370014.concat_chastity_passed.fastq.gz,/projects/analysis/analysis41/IX12858/22CGH5LT4_2/F145727/150bp/22CGH5LT4_2_2_ACCTAAGG-ATCTCCTG_150bp_370014.concat_chastity_passed.fastq.gz
F145728,/projects/analysis/analysis41/IX12858/22CGH5LT4_2/F145728/150bp/22CGH5LT4_2_1_AGTCTGTG-CCTACCTA_150bp_370014.concat_chastity_passed.fastq.gz,/projects/analysis/analysis41/IX12858/22CGH5LT4_2/F145728/150bp/22CGH5LT4_2_2_AGTCTGTG-CCTACCTA_150bp_370014.concat_chastity_passed.fastq.gz
F145729,/projects/analysis/analysis41/IX12858/22CGH5LT4_2/F145729/150bp/22CGH5LT4_2_1_AGGTTCGA-AAGCGACT_150bp_370014.concat_chastity_passed.fastq.gz,/projects/analysis/analysis41/IX12858/22CGH5LT4_2/F145729/150bp/22CGH5LT4_2_2_AGGTTCGA-AAGCGACT_150bp_370014.concat_chastity_passed.fastq.gz
